policy_id;branch;region;written_premium;collected_premium;claim_id;claim_amount;ceded_premium;net_premium;effective_date
P001;Auto;Abidjan;87500;85000,0;;0,0;8750,0;78750,0;2026-01-01
P002;MRH;Bouaké;95000;90000,0;S002;50000,0;9500,0;85500,0;2026-02-02
P003;Santé;Yamoussoukro;102500;95000,0;S003;62500,0;10250,0;92250,0;2026-03-03
P004;Entreprise;Korhogo;110000;100000,0;;0,0;11000,0;99000,0;2026-04-04
P005;Transport;San-Pédro;117500;117500,0;S005;87500,0;11750,0;105750,0;2026-05-05
P006;Auto;Abidjan;125000;122500,0;S006;100000,0;12500,0;112500,0;2026-06-06
P007;MRH;Bouaké;132500;127500,0;;0,0;13250,0;119250,0;2026-07-07
P008;Santé;Yamoussoukro;140000;132500,0;S008;125000,0;14000,0;126000,0;2026-08-08
P009;Entreprise;Korhogo;147500;137500,0;S009;137500,0;14750,0;132750,0;2026-09-09
P010;Transport;;155000;155000,0;;0,0;15500,0;139500,0;2026-10-10
P011;Auto;Abidjan;162500;160000,0;S011;162500,0;16250,0;146250,0;2026-11-11
P012;MRH;Bouaké;170000;165000,0;S012;175000,0;17000,0;153000,0;2026-12-12
P013;Santé;Yamoussoukro;177500;;;0,0;17750,0;159750,0;2026-01-13
P014;Entreprise;Korhogo;185000;175000,0;S014;200000,0;18500,0;166500,0;2026-02-14
P015;Transport;San-Pédro;192500;192500,0;S015;212500,0;19250,0;173250,0;2026-03-15
P016;Auto;Abidjan;200000;197500,0;;0,0;20000,0;180000,0;2026-04-16
P017;MRH;Bouaké;207500;202500,0;S017;;20750,0;186750,0;2026-05-17
P018;Santé;Yamoussoukro;215000;207500,0;S018;250000,0;21500,0;193500,0;2026-06-18
P019;Entreprise;Korhogo;222500;212500,0;;0,0;22250,0;200250,0;2026-07-19
P020;Transport;;230000;230000,0;S020;275000,0;23000,0;207000,0;2026-08-20
P021;Auto;Abidjan;237500;235000,0;S021;287500,0;23750,0;213750,0;2026-09-21
P022;MRH;Bouaké;245000;240000,0;;0,0;24500,0;220500,0;2026-10-22
P023;Santé;Yamoussoukro;252500;245000,0;S023;312500,0;25250,0;227250,0;2026-11-23
P024;Entreprise;Korhogo;260000;250000,0;S024;325000,0;26000,0;234000,0;2026-12-24
P025;Transport;San-Pédro;267500;267500,0;;0,0;26750,0;240750,0;2026-01-25
P026;Auto;Abidjan;275000;;S026;350000,0;27500,0;247500,0;2026-02-26
P027;MRH;Bouaké;282500;277500,0;S027;362500,0;28250,0;254250,0;2026-03-27
P028;Santé;Yamoussoukro;290000;282500,0;;0,0;29000,0;261000,0;2026-04-01
P029;Entreprise;Korhogo;297500;287500,0;S029;387500,0;29750,0;267750,0;2026-05-02
P030;Transport;;305000;305000,0;S030;400000,0;30500,0;274500,0;2026-06-03
P031;Auto;Abidjan;312500;310000,0;;0,0;31250,0;281250,0;2026-07-04
P032;MRH;Bouaké;320000;315000,0;S032;425000,0;32000,0;288000,0;2026-08-05
P033;Santé;Yamoussoukro;327500;320000,0;S033;437500,0;32750,0;294750,0;2026-09-06
P034;Entreprise;Korhogo;335000;325000,0;;;33500,0;301500,0;2026-10-07
P035;Transport;San-Pédro;342500;342500,0;S035;462500,0;34250,0;308250,0;2026-11-08
P036;Auto;Abidjan;350000;347500,0;S036;475000,0;35000,0;315000,0;2026-12-09
P037;MRH;Bouaké;357500;352500,0;;0,0;35750,0;321750,0;2026-01-10
P038;Santé;Yamoussoukro;365000;357500,0;S038;500000,0;36500,0;328500,0;2026-02-11
P039;Entreprise;Korhogo;372500;;S039;512500,0;37250,0;335250,0;2026-03-12
P040;Transport;;380000;380000,0;;0,0;38000,0;342000,0;2026-04-13
P041;Auto;Abidjan;387500;385000,0;S041;537500,0;38750,0;348750,0;2026-05-14
P042;MRH;Bouaké;395000;390000,0;S042;550000,0;39500,0;355500,0;2026-06-15
P043;Santé;Yamoussoukro;402500;395000,0;;0,0;40250,0;362250,0;2026-07-16
P044;Entreprise;Korhogo;410000;400000,0;S044;575000,0;41000,0;369000,0;2026-08-17
P045;Transport;San-Pédro;417500;417500,0;S045;587500,0;41750,0;375750,0;2026-09-18
P046;Auto;Abidjan;425000;422500,0;;0,0;42500,0;382500,0;2026-10-19
P047;MRH;Bouaké;432500;427500,0;S047;612500,0;43250,0;389250,0;2026-11-20
P048;Santé;Yamoussoukro;440000;432500,0;S048;625000,0;44000,0;396000,0;2026-12-21
P049;Entreprise;Korhogo;447500;437500,0;;0,0;44750,0;402750,0;2026-01-22
P050;Transport;;455000;455000,0;S050;650000,0;45500,0;409500,0;2026-02-23
P051;Auto;Abidjan;462500;460000,0;S051;;46250,0;416250,0;2026-03-24
P052;MRH;Bouaké;470000;;;0,0;47000,0;423000,0;2026-04-25
P053;Santé;Yamoussoukro;477500;470000,0;S053;687500,0;47750,0;429750,0;2026-05-26
P054;Entreprise;Korhogo;485000;475000,0;S054;700000,0;48500,0;436500,0;2026-06-27
P055;Transport;San-Pédro;492500;492500,0;;0,0;49250,0;443250,0;2026-07-01
P056;Auto;Abidjan;500000;497500,0;S056;725000,0;50000,0;450000,0;2026-08-02
P057;MRH;Bouaké;507500;502500,0;S057;737500,0;50750,0;456750,0;2026-09-03
P058;Santé;Yamoussoukro;515000;507500,0;;0,0;51500,0;463500,0;2026-10-04
P059;Entreprise;Korhogo;522500;512500,0;S059;762500,0;52250,0;470250,0;2026-11-05
P060;Transport;;530000;530000,0;S060;775000,0;53000,0;477000,0;2026-12-06
P061;Auto;Abidjan;537500;535000,0;;0,0;53750,0;483750,0;2026-01-07
P062;MRH;Bouaké;545000;540000,0;S062;800000,0;54500,0;490500,0;2026-02-08
P063;Santé;Yamoussoukro;552500;545000,0;S063;812500,0;55250,0;497250,0;2026-03-09
P064;Entreprise;Korhogo;560000;550000,0;;0,0;56000,0;504000,0;2026-04-10
P065;Transport;San-Pédro;567500;;S065;837500,0;56750,0;510750,0;2026-05-11
P066;Auto;Abidjan;575000;572500,0;S066;850000,0;57500,0;517500,0;2026-06-12
P004;Entreprise;Korhogo;110000;100000,0;;0,0;11000,0;99000,0;2026-04-04
P012;MRH;Bouaké;170000;165000,0;S012;175000,0;17000,0;153000,0;2026-12-12
P027;MRH;Bouaké;282500;277500,0;S027;362500,0;28250,0;254250,0;2026-03-27
P041;Auto;Abidjan;387500;385000,0;S041;537500,0;38750,0;348750,0;2026-05-14
P055;Transport;San-Pédro;492500;492500,0;;0,0;49250,0;443250,0;2026-07-01
